sequence,1,2,3,4,5,6,7,8,9,10
YYYNNNMMM,0.25,0.75,0.0,0.0,0.0,0.0,0.0,0.0,0.0,0.0
YYYMMMNNN,0.4666666666666667,0.2,0.26666666666666666,0.06666666666666667,0.0,0.0,0.0,0.0,0.0,0.0
YNMYNMYNM,1.0,0.0,0.0,0.0,0.0,0.0,0.0,0.0,0.0,0.0
YYMMNN,0.5833333333333334,0.25,0.16666666666666666,0.0,0.0,0.0,0.0,0.0,0.0,0.0
YYNNMM,0.6666666666666666,0.3333333333333333,0.0,0.0,0.0,0.0,0.0,0.0,0.0,0.0
MNYMNY,0.0,1.0,0.0,0.0,0.0,0.0,0.0,0.0,0.0,0.0
MMMNNNYYY,1.0,0.0,0.0,0.0,0.0,0.0,0.0,0.0,0.0,0.0
NNNYYYMMM,1.0,0.0,0.0,0.0,0.0,0.0,0.0,0.0,0.0,0.0
MYNMYN,0.0,0.0,0.0,1.0,0.0,0.0,0.0,0.0,0.0,0.0
NNMMYY,1.0,0.0,0.0,0.0,0.0,0.0,0.0,0.0,0.0,0.0
MMMYYYNNN,1.0,0.0,0.0,0.0,0.0,0.0,0.0,0.0,0.0,0.0
NNYYMM,1.0,0.0,0.0,0.0,0.0,0.0,0.0,0.0,0.0,0.0
MYNMYNMYN,0.0,1.0,0.0,0.0,0.0,0.0,0.0,0.0,0.0,0.0
MMYYNN,1.0,0.0,0.0,0.0,0.0,0.0,0.0,0.0,0.0,0.0
MMNNYY,0.0,1.0,0.0,0.0,0.0,0.0,0.0,0.0,0.0,0.0
YMNYMN,1.0,0.0,0.0,0.0,0.0,0.0,0.0,0.0,0.0,0.0
YMNYMNYMN,1.0,0.0,0.0,0.0,0.0,0.0,0.0,0.0,0.0,0.0
YNMYNM,0.0,0.0,1.0,0.0,0.0,0.0,0.0,0.0,0.0,0.0
