sequence,Y,M,N,NS,sum_answers,link1,link2,link3,link4,link5,link6,link7,link8,link9,link10
sum_links,,,,,,123,149,98,77,55,53,42,33,22,10
MMMYYYNNN,5,2,3,0,10,3,2,1,4,4,2,1,2,0,0
MMMYYYNNN_NORM,0.5,0.2,0.3,0.0,,0,0,0,0,0,0,0,0,0,0
NNNYYYMMM,4,3,2,1,10,7,1,0,1,1,1,3,0,1,0
NNNYYYMMM_NORM,0.4,0.3,0.2,0.1,,0,0,0,0,0,0,0,0,0,0
MYNMYNMYN,2,7,1,0,10,4,3,3,1,2,2,2,4,1,0
MYNMYNMYN_NORM,0.2,0.7,0.1,0.0,,0,0,0,0,0,0,0,0,0,0
MNYMNYMNY,3,2,3,0,8,5,4,2,0,0,1,2,2,1,0
MNYMNYMNY_NORM,0.375,0.25,0.375,0.0,,0,0,0,0,0,0,0,0,0,0
AMNYMNYMNY,1,3,4,0,8,1,4,6,2,1,1,2,2,2,1
AMNYMNYMNY_NORM,0.125,0.375,0.5,0.0,,0,0,0,0,0,0,0,0,0,0
ANNNMMMYYY,1,4,5,0,10,1,6,5,2,3,1,1,1,2,2
ANNNMMMYYY_NORM,0.1,0.4,0.5,0.0,,0,0,0,0,0,0,0,0,0,0
YYYNNNMMM,6,3,1,0,10,7,3,3,2,0,1,0,1,1,0
YYYNNNMMM_NORM,0.6,0.3,0.1,0.0,,0,0,0,0,0,0,0,0,0,0
MMMNNNYYY,4,4,2,0,10,6,4,1,1,1,2,2,4,2,0
MMMNNNYYY_NORM,0.4,0.4,0.2,0.0,,0,0,0,0,0,0,0,0,0,0
NNNMMMYYY,0,1,8,1,10,7,7,3,6,2,1,0,4,0,0
NNNMMMYYY_NORM,0.0,0.1,0.8,0.1,,0,0,0,0,0,0,0,0,0,0
SMNYMNYMNY,1,1,1,0,3,2,2,2,0,0,1,0,0,0,0
SMNYMNYMNY_NORM,0.3333333333333333,0.3333333333333333,0.3333333333333333,0.0,,0,0,0,0,0,0,0,0,0,0
YNMYNMYNM,3,2,4,0,9,6,4,4,1,0,3,1,2,1,0
YNMYNMYNM_NORM,0.3333333333333333,0.2222222222222222,0.4444444444444444,0.0,,0,0,0,0,0,0,0,0,0,0
SMMMYYYNNN,2,0,1,0,3,2,2,3,1,1,2,0,0,1,0
SMMMYYYNNN_NORM,0.6666666666666666,0.0,0.3333333333333333,0.0,,0,0,0,0,0,0,0,0,0,0
ANYMNYMNYM,3,1,4,0,8,1,3,5,3,2,2,2,2,1,1
ANYMNYMNYM_NORM,0.375,0.125,0.5,0.0,,0,0,0,0,0,0,0,0,0,0
SMYNMYNMYN,2,1,0,0,3,2,1,1,0,1,1,0,1,0,1
SMYNMYNMYN_NORM,0.6666666666666666,0.3333333333333333,0.0,0.0,,0,0,0,0,0,0,0,0,0,0
YMNYMNYMN,5,0,3,1,9,6,2,3,2,2,3,1,1,1,0
YMNYMNYMN_NORM,0.5555555555555556,0.0,0.3333333333333333,0.1111111111111111,,0,0,0,0,0,0,0,0,0,0
SNNNMMMYYY,0,0,2,1,3,0,2,1,2,1,0,0,0,0,0
SNNNMMMYYY_NORM,0.0,0.0,0.6666666666666666,0.3333333333333333,,0,0,0,0,0,0,0,0,0,0
SNNNYYYMMM,1,0,2,0,3,0,1,2,0,1,0,0,0,0,0
SNNNYYYMMM_NORM,0.3333333333333333,0.0,0.6666666666666666,0.0,,0,0,0,0,0,0,0,0,0,0
AMMMNNNYYY,2,4,3,1,10,1,6,4,3,3,1,1,0,1,1
AMMMNNNYYY_NORM,0.2,0.4,0.3,0.1,,0,0,0,0,0,0,0,0,0,0
YYYMMMNNN,7,2,1,0,10,7,4,3,1,1,2,2,1,2,0
YYYMMMNNN_NORM,0.7,0.2,0.1,0.0,,0,0,0,0,0,0,0,0,0,0
AMMMYYYNNN,6,4,0,0,10,1,5,3,2,1,1,2,0,0,0
AMMMYYYNNN_NORM,0.6,0.4,0.0,0.0,,0,0,0,0,0,0,0,0,0,0
NMYNMYNMY,1,4,2,0,7,3,2,0,2,1,1,0,2,0,0
NMYNMYNMY_NORM,0.14285714285714285,0.5714285714285714,0.2857142857142857,0.0,,0,0,0,0,0,0,0,0,0,0
SNMYNMYNMY,2,1,0,0,3,2,1,1,0,0,1,0,0,0,0
SNMYNMYNMY_NORM,0.6666666666666666,0.3333333333333333,0.0,0.0,,0,0,0,0,0,0,0,0,0,0
ANMYNMYNMY,2,4,1,0,7,3,4,3,4,0,0,3,2,1,1
ANMYNMYNMY_NORM,0.2857142857142857,0.5714285714285714,0.14285714285714285,0.0,,0,0,0,0,0,0,0,0,0,0
ANNNYYYMMM,3,1,6,0,10,0,4,4,3,3,2,1,0,2,0
ANNNYYYMMM_NORM,0.3,0.1,0.6,0.0,,0,0,0,0,0,0,0,0,0,0
SMMMNNNYYY,0,1,2,0,3,1,2,0,0,2,1,3,0,0,0
SMMMNNNYYY_NORM,0.0,0.3333333333333333,0.6666666666666666,0.0,,0,0,0,0,0,0,0,0,0,0
SNYMNYMNYM,0,1,1,1,3,0,2,0,1,0,0,0,0,0,1
SNYMNYMNYM_NORM,0.0,0.3333333333333333,0.3333333333333333,0.3333333333333333,,0,0,0,0,0,0,0,0,0,0
AMYNMYNMYN,3,4,3,0,10,1,5,5,1,0,1,4,2,2,2
AMYNMYNMYN_NORM,0.3,0.4,0.3,0.0,,0,0,0,0,0,0,0,0,0,0
NYMNYMNYM,2,5,1,0,8,5,3,2,1,2,1,0,0,0,0
NYMNYMNYM_NORM,0.25,0.625,0.125,0.0,,0,0,0,0,0,0,0,0,0,0
MMYYNN,1,1,1,0,3,1,2,1,2,2,1,0,0,0,0
MMYYNN_NORM,0.3333333333333333,0.3333333333333333,0.3333333333333333,0.0,,0,0,0,0,0,0,0,0,0,0
MYNMYN,0,5,0,0,5,3,3,1,1,0,2,0,0,0,0
MYNMYN_NORM,0.0,1.0,0.0,0.0,,0,0,0,0,0,0,0,0,0,0
AMMYYNN,0,3,0,0,3,0,1,2,1,0,1,1,0,0,0
AMMYYNN_NORM,0.0,1.0,0.0,0.0,,0,0,0,0,0,0,0,0,0,0
AMYNMYN,2,3,0,0,5,2,2,1,2,2,1,1,0,0,0
AMYNMYN_NORM,0.4,0.6,0.0,0.0,,0,0,0,0,0,0,0,0,0,0
NNYYMM,2,1,2,0,5,4,2,0,0,0,0,0,0,0,0
NNYYMM_NORM,0.4,0.2,0.4,0.0,,0,0,0,0,0,0,0,0,0,0
NYMNYM,0,4,0,0,4,4,1,0,2,2,1,0,0,0,0
NYMNYM_NORM,0.0,1.0,0.0,0.0,,0,0,0,0,0,0,0,0,0,0
NNMMYY,0,1,3,1,5,3,2,1,2,0,0,0,0,0,0
NNMMYY_NORM,0.0,0.2,0.6,0.2,,0,0,0,0,0,0,0,0,0,0
AMNYMNY,1,1,1,0,3,0,2,0,1,0,1,0,0,0,0
AMNYMNY_NORM,0.3333333333333333,0.3333333333333333,0.3333333333333333,0.0,,0,0,0,0,0,0,0,0,0,0
SMMYYNN,1,1,1,0,3,1,1,2,0,0,0,1,0,0,0
SMMYYNN_NORM,0.3333333333333333,0.3333333333333333,0.3333333333333333,0.0,,0,0,0,0,0,0,0,0,0,0
SNMYNMY,1,0,2,0,3,1,3,1,2,2,1,1,0,0,0
SNMYNMY_NORM,0.3333333333333333,0.0,0.6666666666666666,0.0,,0,0,0,0,0,0,0,0,0,0
SMNYMNY,0,2,1,0,3,2,3,1,1,2,2,0,0,0,0
SMNYMNY_NORM,0.0,0.6666666666666666,0.3333333333333333,0.0,,0,0,0,0,0,0,0,0,0,0
YMNYMN,0,1,0,0,1,0,1,0,0,0,0,0,0,0,0
YMNYMN_NORM,0.0,1.0,0.0,0.0,,0,0,0,0,0,0,0,0,0,0
SMYNMYN,1,0,0,0,1,1,1,0,0,0,0,0,0,0,0
SMYNMYN_NORM,1.0,0.0,0.0,0.0,,0,0,0,0,0,0,0,0,0,0
ANYMNYM,1,1,2,0,4,0,4,0,0,1,2,2,0,0,0
ANYMNYM_NORM,0.25,0.25,0.5,0.0,,0,0,0,0,0,0,0,0,0,0
NMYNMY,1,1,1,0,3,3,2,1,2,1,1,0,0,0,0
NMYNMY_NORM,0.3333333333333333,0.3333333333333333,0.3333333333333333,0.0,,0,0,0,0,0,0,0,0,0,0
YNMYNM,3,0,1,0,4,2,2,0,2,0,0,0,0,0,0
YNMYNM_NORM,0.75,0.0,0.25,0.0,,0,0,0,0,0,0,0,0,0,0
YYNNMM,1,3,0,0,4,1,3,2,3,0,2,0,0,0,0
YYNNMM_NORM,0.25,0.75,0.0,0.0,,0,0,0,0,0,0,0,0,0,0
MMNNYY,3,1,1,0,5,4,2,3,2,2,1,0,0,0,0
MMNNYY_NORM,0.6,0.2,0.2,0.0,,0,0,0,0,0,0,0,0,0,0
MNYMNY,1,1,1,0,3,3,0,1,0,1,0,0,0,0,0
MNYMNY_NORM,0.3333333333333333,0.3333333333333333,0.3333333333333333,0.0,,0,0,0,0,0,0,0,0,0,0
ANNYYMM,0,3,2,0,5,0,2,2,1,0,0,2,0,0,0
ANNYYMM_NORM,0.0,0.6,0.4,0.0,,0,0,0,0,0,0,0,0,0,0
SNYMNYM,1,0,1,0,2,1,2,0,1,0,0,0,0,0,0
SNYMNYM_NORM,0.5,0.0,0.5,0.0,,0,0,0,0,0,0,0,0,0,0
SMMNNYY,0,3,0,0,3,0,3,1,0,1,1,0,0,0,0
SMMNNYY_NORM,0.0,1.0,0.0,0.0,,0,0,0,0,0,0,0,0,0,0
ANNMMYY,0,3,2,0,5,0,5,4,1,1,0,1,0,0,0
ANNMMYY_NORM,0.0,0.6,0.4,0.0,,0,0,0,0,0,0,0,0,0,0
ANMYNMY,1,2,0,0,3,0,2,2,2,1,0,0,0,0,0
ANMYNMY_NORM,0.3333333333333333,0.6666666666666666,0.0,0.0,,0,0,0,0,0,0,0,0,0,0
YYMMNN,2,1,0,0,3,2,3,0,0,0,0,0,0,0,0
YYMMNN_NORM,0.6666666666666666,0.3333333333333333,0.0,0.0,,0,0,0,0,0,0,0,0,0,0
AMMNNYY,1,2,1,0,4,0,3,1,1,1,1,0,0,0,0
AMMNNYY_NORM,0.25,0.5,0.25,0.0,,0,0,0,0,0,0,0,0,0,0
SNNYYMM,0,1,1,0,2,0,2,1,1,0,0,0,0,0,0
SNNYYMM_NORM,0.0,0.5,0.5,0.0,,0,0,0,0,0,0,0,0,0,0
SNNMMYY,1,1,0,0,2,1,1,0,1,1,0,0,0,0,0
SNNMMYY_NORM,0.5,0.5,0.0,0.0,,0,0,0,0,0,0,0,0,0,0
link_visibility,,,,,,304,304,304,304,304,304,259,208,208,97
link_visibility_no_ads,,,,,,156,156,156,156,156,156,111,111,111,0
