sequence,Y,M,N,ARG_MAX 
YMNYMN,0.84883721,0.540697674,0.418604652,Y
YNMYNM,0.84883721,0.418604652,0.540697674,Y
YYNNMM,0.988372093,0.331395349,0.488372094,Y
YYMMNN,0.988372093,0.488372094,0.331395349,Y
YYYNNNMMM,1.23255814,0.40625,0.575581396,Y
YNMYNMYNM,0.96602471,0.512354652,0.736010174,Y
YMNYMNYMN,0.96602471,0.736010174,0.512354652,Y
YYYMMMNNN,1.23255814,0.575581396,0.40625,Y
SNNYYMM,0.560606061,0.409090909,1.075757576,N
SNNMMYY,0.409090909,0.560606061,1.075757576,N
NNYYMM,0.488372094,0.331395349,0.988372093,N
NYMNYM,0.540697674,0.418604652,0.84883721,N
NNMMYY,0.331395349,0.488372094,0.988372093,N
SNMYNMY,0.424242425,0.636363636,0.984848485,N
ANYMNYM,0.590476191,0.495238095,0.733333333,N
NMYNMY,0.418604652,0.540697674,0.84883721,N
ANNYYMM,0.457142857,0.361904762,1,N
SNYMNYM,0.636363636,0.424242425,0.984848485,N
ANNMMYY,0.361904762,0.457142857,1,N
ANMYNMY,0.495238095,0.590476191,0.733333333,N
NNNYYYMMM,0.575581396,0.40625,1.23255814,N
SNYMNYMNYM,0.667613636,0.486742425,1.078598485,N
SNMYNMYNMY,0.486742425,0.667613636,1.078598485,N
SNNNYYYMMM,0.712121212,0.1875,1.333333334,N
NNNMMMYYY,0.40625,0.575581396,1.23255814,N
SNNNMMMYYY,0.1875,0.712121212,1.333333334,N
ANYMNYMNYM,0.743253969,0.606349206,0.858333333,N
NMYNMYNMY,0.512354652,0.736010174,0.96602471,N
ANMYNMYNMY,0.606349206,0.743253969,0.858333333,N
ANNNYYYMMM,0.542857143,0.388888889,1.276190476,N
ANNNMMMYYY,0.388888889,0.542857143,1.276190476,N
NYMNYMNYM,0.736010174,0.512354652,0.96602471,N
SMMNNYY,0.409090909,1.075757576,0.560606061,M
MMYYNN,0.488372094,0.988372093,0.331395349,M
MYNMYN,0.540697674,0.84883721,0.418604652,M
AMMYYNN,0.457142857,1,0.361904762,M
AMYNMYN,0.590476191,0.733333333,0.495238095,M
AMNYMNY,0.495238095,0.733333333,0.590476191,M
SMMYYNN,0.560606061,1.075757576,0.409090909,M
SMNYMNY,0.424242425,0.984848485,0.636363636,M
SMYNMYN,0.636363636,0.984848485,0.424242425,M
MMNNYY,0.331395349,0.988372093,0.488372094,M
MNYMNY,0.418604652,0.84883721,0.540697674,M
AMMNNYY,0.361904762,1,0.457142857,M
MMMYYYNNN,0.575581396,1.23255814,0.40625,M
MYNMYNMYN,0.736010174,0.96602471,0.512354652,M
MNYMNYMNY,0.512354652,0.96602471,0.736010174,M
AMNYMNYMNY,0.606349206,0.858333333,0.743253969,M
MMMNNNYYY,0.40625,1.23255814,0.575581396,M
SMNYMNYMNY,0.486742425,1.078598485,0.667613636,M
SMMMYYYNNN,0.712121212,1.333333334,0.1875,M
SMYNMYNMYN,0.667613636,1.078598485,0.486742425,M
AMMMNNNYYY,0.388888889,1.276190476,0.542857143,M
AMMMYYYNNN,0.542857143,1.276190476,0.388888889,M
SMMMNNNYYY,0.1875,1.333333334,0.712121212,M
AMYNMYNMYN,0.743253969,0.858333333,0.606349206,M
