sequence,Y_score,M_score,N_score,NS_score,Y,M,N,NS,Y_count,M_count,N_count,NS_count
MMMYYYNNN,0.6166666666666667,1.8333333333333333,0.37896825396825395,0,0.5454545454545454,0.18181818181818182,0.2727272727272727,0.0,6,2,3,0
NNNYYYMMM,0.6166666666666667,0.37896825396825395,1.8333333333333333,0,0.5882352941176471,0.17647058823529413,0.17647058823529413,0.058823529411764705,10,3,3,1
MYNMYNMYN,0.825,1.3928571428571428,0.6111111111111112,0,0.14285714285714285,0.6428571428571429,0.21428571428571427,0.0,2,9,3,0
MNYMNYMNY,0.6111111111111112,1.3928571428571428,0.825,0,0.375,0.25,0.375,0.0,3,2,3,0
AMNYMNYMNY,0.6111111111111112,1.3928571428571428,0.825,0,0.125,0.375,0.5,0.0,1,3,4,0
ANNNMMMYYY,0.37896825396825395,0.6166666666666667,1.8333333333333333,0,0.1,0.4,0.5,0.0,1,4,5,0
YYYNNNMMM,1.8333333333333333,0.37896825396825395,0.6166666666666667,0,0.6428571428571429,0.2857142857142857,0.07142857142857142,0.0,9,4,1,0
MMMNNNYYY,0.37896825396825395,1.8333333333333333,0.6166666666666667,0,0.4166666666666667,0.4166666666666667,0.16666666666666666,0.0,5,5,2,0
NNNMMMYYY,0.37896825396825395,0.6166666666666667,1.8333333333333333,0,0.0,0.09090909090909091,0.8181818181818182,0.09090909090909091,0,1,9,1
SMNYMNYMNY,0.6111111111111112,1.3928571428571428,0.825,0,0.3333333333333333,0.3333333333333333,0.3333333333333333,0.0,1,1,1,0
YNMYNMYNM,1.3928571428571428,0.6111111111111112,0.825,0,0.3333333333333333,0.2222222222222222,0.4444444444444444,0.0,3,2,4,0
SMMMYYYNNN,0.6166666666666667,1.8333333333333333,0.37896825396825395,0,0.6666666666666666,0.0,0.3333333333333333,0.0,2,0,1,0
ANYMNYMNYM,0.825,0.6111111111111112,1.3928571428571428,0,0.375,0.125,0.5,0.0,3,1,4,0
YMNYMNYMN,1.3928571428571428,0.825,0.6111111111111112,0,0.6,0.0,0.3,0.1,6,0,3,1
SNNNMMMYYY,0.37896825396825395,0.6166666666666667,1.8333333333333333,0,0.0,0.0,1.0,0.0,0,0,2,0
SNNNYYYMMM,0.6166666666666667,0.37896825396825395,1.8333333333333333,0,0.5,0.0,0.5,0.0,1,0,1,0
AMMMNNNYYY,0.37896825396825395,1.8333333333333333,0.6166666666666667,0,0.2,0.4,0.3,0.1,2,4,3,1
YYYMMMNNN,1.8333333333333333,0.6166666666666667,0.37896825396825395,0,0.625,0.1875,0.1875,0.0,10,3,3,0
AMMMYYYNNN,0.6166666666666667,1.8333333333333333,0.37896825396825395,0,0.6,0.4,0.0,0.0,6,4,0,0
NMYNMYNMY,0.6111111111111112,0.825,1.3928571428571428,0,0.14285714285714285,0.5714285714285714,0.2857142857142857,0.0,1,4,2,0
SNMYNMYNMY,0.6111111111111112,0.825,1.3928571428571428,0,1.0,0.0,0.0,0.0,1,0,0,0
ANMYNMYNMY,0.6111111111111112,0.825,1.3928571428571428,0,0.2857142857142857,0.5714285714285714,0.14285714285714285,0.0,2,4,1,0
SMYNMYNMYN,0.825,1.3928571428571428,0.6111111111111112,0,0.0,1.0,0.0,0.0,0,1,0,0
ANNNYYYMMM,0.6166666666666667,0.37896825396825395,1.8333333333333333,0,0.3,0.1,0.6,0.0,3,1,6,0
SMMMNNNYYY,0.37896825396825395,1.8333333333333333,0.6166666666666667,0,0.0,0.3333333333333333,0.6666666666666666,0.0,0,1,2,0
SNYMNYMNYM,0.825,0.6111111111111112,1.3928571428571428,0,0.0,0.0,1.0,0.0,0,0,1,0
AMYNMYNMYN,0.825,1.3928571428571428,0.6111111111111112,0,0.3,0.4,0.3,0.0,3,4,3,0
NYMNYMNYM,0.825,0.6111111111111112,1.3928571428571428,0,0.2222222222222222,0.5555555555555556,0.2222222222222222,0.0,2,5,2,0
MMYYNN,0.5833333333333333,1.5,0.3666666666666667,0,0.3333333333333333,0.3333333333333333,0.3333333333333333,0.0,1,1,1,0
MYNMYN,0.7,1.25,0.5,0,0.0,1.0,0.0,0.0,0,5,0,0
AMMYYNN,0.5833333333333333,1.5,0.3666666666666667,0,0.0,1.0,0.0,0.0,0,3,0,0
AMYNMYN,0.7,1.25,0.5,0,0.4,0.6,0.0,0.0,2,3,0,0
NNYYMM,0.5833333333333333,0.3666666666666667,1.5,0,0.4,0.2,0.4,0.0,2,1,2,0
NYMNYM,0.7,0.5,1.25,0,0.0,1.0,0.0,0.0,0,4,0,0
NNMMYY,0.3666666666666667,0.5833333333333333,1.5,0,0.0,0.2,0.6,0.2,0,1,3,1
AMNYMNY,0.5,1.25,0.7,0,0.3333333333333333,0.3333333333333333,0.3333333333333333,0.0,1,1,1,0
SMMYYNN,0.5833333333333333,1.5,0.3666666666666667,0,0.3333333333333333,0.3333333333333333,0.3333333333333333,0.0,1,1,1,0
SNMYNMY,0.5,0.7,1.25,0,0.3333333333333333,0.0,0.6666666666666666,0.0,1,0,2,0
SMNYMNY,0.5,1.25,0.7,0,0.0,1.0,0.0,0.0,0,1,0,0
YMNYMN,1.25,0.7,0.5,0,0.0,1.0,0.0,0.0,0,1,0,0
SMYNMYN,0.7,1.25,0.5,0,1.0,0.0,0.0,0.0,1,0,0,0
ANYMNYM,0.7,0.5,1.25,0,0.25,0.25,0.5,0.0,1,1,2,0
NMYNMY,0.5,0.7,1.25,0,0.3333333333333333,0.3333333333333333,0.3333333333333333,0.0,1,1,1,0
YNMYNM,1.25,0.5,0.7,0,0.75,0.0,0.25,0.0,3,0,1,0
YYNNMM,1.5,0.3666666666666667,0.5833333333333333,0,0.25,0.75,0.0,0.0,1,3,0,0
MMNNYY,0.3666666666666667,1.5,0.5833333333333333,0,0.6,0.2,0.2,0.0,3,1,1,0
MNYMNY,0.5,1.25,0.7,0,0.3333333333333333,0.3333333333333333,0.3333333333333333,0.0,1,1,1,0
ANNYYMM,0.5833333333333333,0.3666666666666667,1.5,0,0.0,0.6,0.4,0.0,0,3,2,0
SNYMNYM,0.7,0.5,1.25,0,0.5,0.0,0.5,0.0,1,0,1,0
ANNMMYY,0.3666666666666667,0.5833333333333333,1.5,0,0.0,0.6,0.4,0.0,0,3,2,0
ANMYNMY,0.5,0.7,1.25,0,0.3333333333333333,0.6666666666666666,0.0,0.0,1,2,0,0
YYMMNN,1.5,0.5833333333333333,0.3666666666666667,0,0.6666666666666666,0.3333333333333333,0.0,0.0,2,1,0,0
AMMNNYY,0.3666666666666667,1.5,0.5833333333333333,0,0.25,0.5,0.25,0.0,1,2,1,0
SNNYYMM,0.5833333333333333,0.3666666666666667,1.5,0,0.0,0.5,0.5,0.0,0,1,1,0
SNNMMYY,0.3666666666666667,0.5833333333333333,1.5,0,0.0,1.0,0.0,0.0,0,1,0,0
