sequence,Y_score,M_score,N_score,Y,M,N,NS,max_score,popular_answer,Y_count,M_count,N_count,NS_count,sum_answers,link1,link2,link3,link4,link5,link6,link7,link8,link9,link10
YYYMMMNNN,10,0.783333333,0.632936508,0.7,0.2,0.1,0,Y,Y,7,2,1,0,10,7,4,3,1,1,2,2,1,2,0
YYYNNNMMM,9.5,0.236111111,0.666666667,0.6,0.3,0.1,0,Y,Y,6,3,1,0,10,7,3,3,2,0,1,0,1,1,0
YMNYMNYMN,6.642857143,1.525,1.611111111,0.555555556,0,0.333333333,0.111111111,Y,Y,5,0,3,1,9,6,2,3,2,2,3,1,1,1,0
YNMYNMYNM,6.392857143,1.944444444,2.25,0.333333333,0.222222222,0.444444444,0,Y,N,3,2,4,0,9,6,4,4,1,0,3,1,2,1,0
YYMMNN,3.5,0,0,0.666666667,0.333333333,0,0,Y,Y,2,1,0,0,3,2,3,0,0,0,0,0,0,0,0
ANYMNYMNYM,3.025,1.444444444,3.785714286,0.375,0.125,0.5,0,N,N,3,1,4,0,8,1,3,5,3,2,2,2,2,1,1
AMYNMYNMYN,2.95,5.285714286,1.222222222,0.3,0.4,0.3,0,M,M,3,4,3,0,10,1,5,5,1,0,1,4,2,2,2
YNMYNM,2.5,0,1,0.75,0,0.25,0,Y,Y,3,0,1,0,4,2,2,0,2,0,0,0,0,0,0
YYNNMM,2.5,0.333333333,1.416666667,0.25,0.75,0,0,Y,M,1,3,0,0,4,1,3,2,3,0,2,0,0,0,0
MYNMYNMYN,2.4,4.535714286,1.444444444,0.2,0.7,0.1,0,M,M,2,7,1,0,10,4,3,3,1,2,2,2,4,1,0
MMMYYYNNN,2.133333333,4.333333333,0.392857143,0.5,0.2,0.3,0,M,Y,5,2,3,0,10,3,2,1,4,4,2,1,2,0,0
ANMYNMYNMY,1.944444444,1.625,4.285714286,0.285714286,0.571428571,0.142857143,0,N,M,2,4,1,0,7,3,4,3,4,0,0,3,2,1,1
NYMNYMNYM,1.9,0.833333333,5.25,0.25,0.625,0.125,0,N,M,2,5,1,0,8,5,3,2,1,2,1,0,0,0,0
MYNMYN,1.5,3.25,0.666666667,0,1,0,0,M,M,0,5,0,0,5,3,3,1,1,0,2,0,0,0,0
ANNNYYYMMM,1.316666667,0.25,7,0.3,0.1,0.6,0,N,N,3,1,6,0,10,0,4,4,3,3,2,1,0,2,0
AMNYMNYMNY,1.111111111,4.535714286,3.45,0.125,0.375,0.5,0,M,N,1,3,4,0,8,1,4,6,2,1,1,2,2,2,1
MMMNNNYYY,1.007936508,8.333333333,0.783333333,0.4,0.4,0.2,0,M,Y,4,4,2,0,10,6,4,1,1,1,2,2,4,2,0
MNYMNYMNY,0.944444444,5.285714286,2.25,0.375,0.25,0.375,0,M,Y,3,2,3,0,8,5,4,2,0,0,1,2,2,1,0
NYMNYM,0.9,0.166666667,4.5,0,1,0,0,N,M,0,4,0,0,4,4,1,0,2,2,1,0,0,0,0
SMYNMYN,0.9,3.25,0.666666667,1,0,0,0,M,Y,3,0,0,0,3,3,3,1,1,1,2,2,0,0,0
MMYYNN,0.833333333,2,0.566666667,0.333333333,0.333333333,0.333333333,0,M,Y,1,1,1,0,3,1,2,1,2,2,1,0,0,0,0
SNMYNMY,0.833333333,0.7,3.5,0.333333333,0,0.666666667,0,N,N,1,0,2,0,3,1,3,1,2,2,1,1,0,0,0
AMMMYYYNNN,0.783333333,7.166666667,0,0.6,0.4,0,0,M,Y,6,4,0,0,10,1,5,3,2,1,1,2,0,0,0
SMMNNYY,0.733333333,5.5,1.416666667,0.2,0.8,0,0,M,M,1,4,0,0,5,1,4,3,2,3,2,2,0,0,0
AMYNMYN,0.7,2.5,0.833333333,0.4,0.6,0,0,M,M,2,3,0,0,5,2,2,1,2,2,1,1,0,0,0
SMYNMYNMYN,0.7,2.392857143,0.111111111,0.6,0.4,0,0,M,Y,3,2,0,0,5,3,2,1,0,1,1,0,1,0,1
ANMYNMY,0.666666667,1,2.25,0.333333333,0.666666667,0,0,N,M,1,2,0,0,3,0,2,2,2,1,0,0,0,0,0
SMMMYYYNNN,0.65,5.166666667,0.267857143,0.5,0,0.5,0,M,Y,2,0,2,0,4,3,3,3,2,1,2,0,1,1,0
NNNYYYMMM,0.616666667,0.53968254,7.5,0.4,0.3,0.2,0.1,N,Y,4,3,2,1,10,7,1,0,1,1,1,3,0,1,0
ANNNMMMYYY,0.615079365,1.116666667,9.166666667,0.1,0.4,0.5,0,N,N,1,4,5,0,10,1,6,5,2,3,1,1,1,2,2
SNNYYMM,0.583333333,0.166666667,5,0.2,0.4,0.4,0,N,M,1,2,2,0,5,0,4,2,1,1,0,1,0,0,0
MMNNYY,0.566666667,5,1.5,0.6,0.2,0.2,0,M,Y,3,1,1,0,5,4,2,3,2,2,1,0,0,0,0
NMYNMY,0.5,1.2,3.5,0.333333333,0.333333333,0.333333333,0,N,Y,1,1,1,0,3,3,2,1,2,1,1,0,0,0,0
NNNMMMYYY,0.5,2.066666667,11.5,0,0.1,0.8,0.1,N,N,0,1,8,1,10,7,7,3,6,2,1,0,4,0,0
SNNNYYYMMM,0.5,0,3.833333333,0.6,0,0.4,0,N,Y,3,0,2,0,5,0,2,3,1,2,0,0,0,0,0
ANYMNYM,0.4,0.333333333,5.25,0.2,0.2,0.6,0,N,N,1,1,3,0,5,0,5,0,0,1,2,2,0,0,0
SNNMMYY,0.366666667,0.583333333,5.5,0.2,0.2,0.6,0,N,N,1,1,3,0,5,2,4,3,1,1,1,1,0,0,0
AMMYYNN,0.333333333,2,0.366666667,0,1,0,0,M,M,0,3,0,0,3,0,1,2,1,0,1,1,0,0,0
AMNYMNY,0.333333333,2,0.2,0.333333333,0.333333333,0.333333333,0,M,Y,1,1,1,0,3,0,2,0,1,0,1,0,0,0,0
SMMYYNN,0.333333333,2,0.366666667,0.25,0.5,0.25,0,M,M,1,2,1,0,4,2,1,2,1,0,1,1,0,0,0
SMNYMNY,0.333333333,3.5,0.9,0.25,0.5,0.25,0,M,M,1,2,1,0,4,3,3,1,1,2,2,0,0,0,0
MNYMNY,0.333333333,3,0.2,0.333333333,0.333333333,0.333333333,0,M,Y,1,1,1,0,3,3,0,1,0,1,0,0,0,0,0
ANNYYMM,0.333333333,0.333333333,3,0,0.6,0.4,0,N,M,0,3,2,0,5,0,2,2,1,0,0,2,0,0,0
SMNYMNYMNY,0.333333333,3,1.7,0.5,0.25,0.25,0,M,Y,2,1,1,0,4,2,3,3,1,0,1,0,0,0,0
AMMMNNNYYY,0.236111111,9,1.116666667,0.2,0.4,0.3,0.1,M,M,2,4,3,1,10,1,6,4,3,3,1,1,0,1,1
AMMNNYY,0.2,3.5,0.583333333,0.25,0.5,0.25,0,M,M,1,2,1,0,4,0,3,1,1,1,1,0,0,0,0
ANNMMYY,0.166666667,0.583333333,7,0,0.6,0.4,0,N,M,0,3,2,0,5,0,5,4,1,1,0,1,0,0,0
NMYNMYNMY,0.166666667,1.45,3.5,0.142857143,0.571428571,0.285714286,0,N,M,1,4,2,0,7,3,2,0,2,1,1,0,2,0,0
SNNNMMMYYY,0.142857143,0.25,5.166666667,0,0,0.8,0.2,N,N,0,0,4,1,5,0,4,1,2,1,0,0,1,0,0
NNYYMM,0,0,5,0.4,0.2,0.4,0,N,Y,2,1,2,0,5,4,2,0,0,0,0,0,0,0,0
NNMMYY,0,0.833333333,4,0,0.2,0.6,0.2,N,N,0,1,3,1,5,3,2,1,2,0,0,0,0,0,0
YMNYMN,0,0.5,0,0,1,0,0,M,M,0,1,0,0,1,0,1,0,0,0,0,0,0,0,0
SNYMNYM,0,0.333333333,4.25,0.25,0.25,0.5,0,N,N,1,1,2,0,4,1,4,0,1,1,0,0,0,0,0
SNMYNMYNMY,0,1.4,2.25,0.4,0.4,0.2,0,N,Y,2,2,1,0,5,2,2,2,0,1,2,0,0,0,0
SMMMNNNYYY,0,3,1.2,0.25,0.25,0.5,0,M,N,1,1,2,0,4,1,3,0,0,2,1,3,0,0,0
SNYMNYMNYM,0,0.444444444,2,0,0.333333333,0.333333333,0.333333333,N,M,0,1,1,1,3,0,2,0,1,0,0,0,0,0,1
