A2EKCMS8IKV57N,1.4$,2021-12-31
APF8F1M25DW76,2.4$,2021-12-31
A3BZ2ITEV420Q3,1.4$,2021-12-31
A1C51A1VY9QTTU,1.4$,2021-12-31
A13FUEPWBCLBUY,2.4$,2021-12-31
A50UY1556VDIA,1.4$,2021-12-31
A2BU07K7AYSVOF,1.4$,2021-12-31
A15VCKELIEEPJN,2.4$,2021-12-31
A21Z2OEJZYP61M,1.4$,2021-12-31
A2JCE6MD27QA5D,2.4$,2021-12-31
A2NH4DSOLI6VRR,2.4$,2021-12-31
A38CH3CGVGDVXA,1.4$,2021-12-31
A3VG22WR5I4UG2,2.4$,2021-12-31
A3U2VUZ2L7HIWG,2.4$,2021-12-31
A3KH66SXE4PK8J,2.4$,2021-12-31
A2WF2DE5P4TT31,2.4$,2021-12-31
A1D0JL4MJ7XSGV,2.4$,2021-12-31
